{
  "descriptive_stats": {
    "total_farmers": 2956,
    "total_commodities": 6,
    "total_villages": 12,
    "land_area": {
      "total_ha": 1924.51,
      "mean_ha": 0.6510520974289581,
      "median_ha": 0.5,
      "min_ha": 0.04,
      "max_ha": 2.0,
      "std_ha": 0.43125890087756313
    },
    "total_urea": {
      "total_kg": "458878",
      "mean_kg": 155.2361299052774,
      "median_kg": 125.0,
      "std_kg": 109.96096089486734
    },
    "total_npk": {
      "total_kg": "612687",
      "mean_kg": 207.2689445196211,
      "median_kg": 175.0,
      "std_kg": 138.53352222990526
    },
    "total_organik": {
      "total_kg": "635635",
      "mean_kg": 215.03213802435724,
      "median_kg": 0.0,
      "std_kg": 409.19742584156074
    },
    "total_pupuk": {
      "total_kg": "1707200",
      "mean_kg": 577.5372124492558,
      "median_kg": 330.0,
      "std_kg": 549.0105645325989
    },
    "urea_per_ha": {
      "mean": 234.31608008328024,
      "median": 250.0,
      "std": 52.54905962980596,
      "min": 0.0,
      "max": 375.0
    },
    "npk_per_ha": {
      "mean": 320.1875547241901,
      "median": 300.0,
      "std": 60.70167036637926,
      "min": 0.0,
      "max": 860.0
    },
    "organik_per_ha": {
      "mean": 240.95726206585474,
      "median": 0.0,
      "std": 425.14172762242697,
      "min": 0.0,
      "max": 1000.0
    },
    "total_per_ha": {
      "mean": 795.4608968733252,
      "median": 600.0,
      "std": 420.0046880451373,
      "min": 0.0,
      "max": 1550.0
    }
  },
  "anomaly_analysis": {
    "distribution": {
      "Normal": 2562,
      "Anomali": 394
    },
    "percentages": {
      "Normal": 86.67117726657646,
      "Anomali": 13.328822733423545
    },
    "scores": {
      "mean": 0.18585080872974613,
      "median": 0.1005747753601873,
      "std": 0.22496478830034325,
      "min": 0.0,
      "max": 1.0
    },
    "score_Normal": {
      "mean": 0.10954633164381442,
      "median": 0.1005747753601873,
      "count": "2562"
    },
    "score_Anomali": {
      "mean": 0.6820235759737996,
      "median": 0.6561450647580054,
      "count": "394"
    }
  },
  "clustering_analysis": {
    "n_clusters": 10,
    "distribution": {
      "0": 918,
      "1": 393,
      "2": 463,
      "3": 70,
      "4": 11,
      "5": 58,
      "6": 180,
      "7": 114,
      "8": 553,
      "9": 196
    },
    "percentages": {
      "0": 31.055480378890394,
      "1": 13.294993234100136,
      "2": 15.663058186738837,
      "3": 2.3680649526387008,
      "4": 0.3721244925575102,
      "5": 1.962110960757781,
      "6": 6.089309878213803,
      "7": 3.8565629228687412,
      "8": 18.707713125845736,
      "9": 6.630581867388363
    },
    "profiles": {
      "0": {
        "size": 918,
        "percentage": 31.055480378890394,
        "land_mean": 0.3460130718954248,
        "land_median": 0.3,
        "intensity_mean": 595.8482207697895,
        "intensity_median": 600.0,
        "Urea_per_ha_mean": 245.2846768336964,
        "NPK_per_ha_mean": 350.563543936093,
        "Organik_per_ha_mean": 0.0,
        "anomaly_rate": 8.061002178649238,
        "status_dist": {
          "Normal": 912,
          "Overuse": 6
        }
      },
      "1": {
        "size": 393,
        "percentage": 13.294993234100136,
        "land_mean": 1.0756997455470738,
        "land_median": 1.0,
        "intensity_mean": 1549.4900763358778,
        "intensity_median": 1550.0,
        "Urea_per_ha_mean": 249.99898218829517,
        "NPK_per_ha_mean": 300.0,
        "Organik_per_ha_mean": 999.4910941475827,
        "anomaly_rate": 0.2544529262086514,
        "status_dist": {
          "Normal": 393
        }
      },
      "2": {
        "size": 463,
        "percentage": 15.663058186738837,
        "land_mean": 0.9376025917926566,
        "land_median": 1.0,
        "intensity_mean": 586.9448765101849,
        "intensity_median": 598.6666666666666,
        "Urea_per_ha_mean": 250.5206610356581,
        "NPK_per_ha_mean": 325.8950578071401,
        "Organik_per_ha_mean": 10.52915766738661,
        "anomaly_rate": 12.526997840172784,
        "status_dist": {
          "Normal": 438,
          "Overuse": 25
        }
      },
      "3": {
        "size": 70,
        "percentage": 2.3680649526387008,
        "land_mean": 0.3018571428571428,
        "land_median": 0.2,
        "intensity_mean": 193.75714285714287,
        "intensity_median": 275.0,
        "Urea_per_ha_mean": 57.047619047619044,
        "NPK_per_ha_mean": 66.30952380952381,
        "Organik_per_ha_mean": 70.4,
        "anomaly_rate": 100.0,
        "status_dist": {
          "Normal": 70
        }
      },
      "4": {
        "size": 11,
        "percentage": 0.3721244925575102,
        "land_mean": 0.4318181818181818,
        "land_median": 0.5,
        "intensity_mean": 860.0,
        "intensity_median": 860.0,
        "Urea_per_ha_mean": 0.0,
        "NPK_per_ha_mean": 860.0,
        "Organik_per_ha_mean": 0.0,
        "anomaly_rate": 100.0,
        "status_dist": {
          "Normal": 11
        }
      },
      "5": {
        "size": 58,
        "percentage": 1.962110960757781,
        "land_mean": 0.3355172413793104,
        "land_median": 0.25,
        "intensity_mean": 421.82758620689657,
        "intensity_median": 400.0,
        "Urea_per_ha_mean": 0.0,
        "NPK_per_ha_mean": 421.82758620689657,
        "Organik_per_ha_mean": 0.0,
        "anomaly_rate": 100.0,
        "status_dist": {
          "Normal": 58
        }
      },
      "6": {
        "size": 180,
        "percentage": 6.089309878213803,
        "land_mean": 1.6877777777777778,
        "land_median": 1.6,
        "intensity_mean": 574.3055555555555,
        "intensity_median": 600.0,
        "Urea_per_ha_mean": 249.30555555555554,
        "NPK_per_ha_mean": 325.0,
        "Organik_per_ha_mean": 0.0,
        "anomaly_rate": 0.5555555555555556,
        "status_dist": {
          "Normal": 180
        }
      },
      "7": {
        "size": 114,
        "percentage": 3.8565629228687412,
        "land_mean": 0.9535087719298246,
        "land_median": 1.0,
        "intensity_mean": 1446.3450292397658,
        "intensity_median": 1450.0,
        "Urea_per_ha_mean": 150.14619883040933,
        "NPK_per_ha_mean": 299.12280701754383,
        "Organik_per_ha_mean": 997.0760233918128,
        "anomaly_rate": 100.0,
        "status_dist": {
          "Normal": 114
        }
      },
      "8": {
        "size": 553,
        "percentage": 18.707713125845736,
        "land_mean": 0.3515732368896926,
        "land_median": 0.32,
        "intensity_mean": 550.007233273056,
        "intensity_median": 550.0,
        "Urea_per_ha_mean": 250.00723327305604,
        "NPK_per_ha_mean": 300.0,
        "Organik_per_ha_mean": 0.0,
        "anomaly_rate": 0.0,
        "status_dist": {
          "Normal": 551,
          "Overuse": 2
        }
      },
      "9": {
        "size": 196,
        "percentage": 6.630581867388363,
        "land_mean": 0.4987244897959184,
        "land_median": 0.5,
        "intensity_mean": 1549.93537414966,
        "intensity_median": 1550.0,
        "Urea_per_ha_mean": 249.93537414965985,
        "NPK_per_ha_mean": 300.0,
        "Organik_per_ha_mean": 1000.0,
        "anomaly_rate": 3.571428571428571,
        "status_dist": {
          "Normal": 196
        }
      }
    },
    "balance_score": 1.1982570806100217
  },
  "compliance_analysis": {
    "overall": {
      "Normal": 2923,
      "Overuse": 33
    },
    "percentages": {
      "Normal": 98.88362652232748,
      "Overuse": 1.1163734776725303
    },
    "by_commodity": {
      "JAGUNG": {
        "total": 1285,
        "distribution": {
          "Normal": 1256,
          "Overuse": 29
        },
        "percentages": {
          "Normal": 97.7431906614786,
          "Overuse": 2.2568093385214008
        }
      },
      "PADI": {
        "total": 1594,
        "distribution": {
          "Normal": 1590,
          "Overuse": 4
        },